{"options":{"noColor":false,"summaryTrendStats":["avg","min","med","max","p(90)","p(95)"],"summaryTimeUnit":""},"state":{"isStdOutTTY":false,"isStdErrTTY":false,"testRunDurationMs":31274.090465},"metrics":{"http_reqs":{"contains":"default","values":{"rate":12.53433734351769,"count":392},"type":"counter"},"vus_max":{"type":"gauge","contains":"default","values":{"value":30,"min":30,"max":30}},"http_req_sending":{"contains":"time","values":{"med":0.0968555,"max":0.303651,"p(90)":0.1210756,"p(95)":0.14120415,"avg":0.0974618290816326,"min":0.038968},"type":"trend"},"http_req_waiting":{"values":{"min":52.928093,"med":60.192558000000005,"max":2010.310587,"p(90)":377.25057210000034,"p(95)":569.9847899999999,"avg":150.71639604081653},"type":"trend","contains":"time"},"get_contacts":{"thresholds":{"p(95)<500":{"ok":false}},"type":"trend","contains":"time","values":{"avg":150.87268904591826,"min":53.031499,"med":60.341007000000005,"max":2010.448113,"p(90)":377.39075060000033,"p(95)":570.1415327999998}},"http_req_blocked":{"type":"trend","contains":"time","values":{"min":0.000207,"med":0.00033,"max":198.011379,"p(90)":0.0007994000000000005,"p(95)":160.87005929999998,"avg":12.546400834183684}},"content_OK":{"type":"rate","contains":"default","values":{"rate":1,"passes":392,"fails":0},"thresholds":{"rate>0.95":{"ok":true}}},"http_req_duration{expected_response:true}":{"type":"trend","contains":"time","values":{"min":53.031499,"med":60.341007000000005,"max":2010.448113,"p(90)":377.39075060000033,"p(95)":570.1415327999998,"avg":150.87268904591826}},"checks":{"contains":"default","values":{"rate":0.9681122448979592,"passes":759,"fails":25},"type":"rate"},"http_req_failed":{"type":"rate","contains":"default","values":{"rate":0,"passes":0,"fails":392},"thresholds":{"rate<0.1":{"ok":true}}},"data_received":{"contains":"data","values":{"count":314598,"rate":10059.381274479536},"type":"counter"},"http_req_connecting":{"type":"trend","contains":"time","values":{"med":0,"max":64.093588,"p(90)":0,"p(95)":53.67861685,"avg":4.187919193877551,"min":0}},"http_req_duration":{"type":"trend","contains":"time","values":{"avg":150.87268904591826,"min":53.031499,"med":60.341007000000005,"max":2010.448113,"p(90)":377.39075060000033,"p(95)":570.1415327999998}},"vus":{"type":"gauge","contains":"default","values":{"value":4,"min":1,"max":29}},"http_req_receiving":{"type":"trend","contains":"time","values":{"max":0.200848,"p(90)":0.08022310000000002,"p(95)":0.09332484999999997,"avg":0.058831176020408195,"min":0.020773,"med":0.056028999999999995}},"iteration_duration":{"values":{"avg":1164.1511638341833,"min":1053.657911,"med":1061.9567630000001,"max":3010.817689,"p(90)":1401.5295399000001,"p(95)":1583.8925883},"type":"trend","contains":"time"},"data_sent":{"type":"counter","contains":"data","values":{"count":70674,"rate":2259.825911774921}},"http_req_tls_handshaking":{"type":"trend","contains":"time","values":{"avg":8.27877368877551,"min":0,"med":0,"max":123.517587,"p(90)":0,"p(95)":106.69530565}},"iterations":{"type":"counter","contains":"default","values":{"count":392,"rate":12.53433734351769}}},"root_group":{"checks":[{"name":"GET - Status 200","path":"::GET - Status 200","id":"a93746391a05c080a667a2961f84e55d","passes":392,"fails":0},{"name":"GET - Duration < 500ms","path":"::GET - Duration < 500ms","id":"79b7a8059e1f214cbcb99db5729b283d","passes":367,"fails":25}],"name":"","path":"","id":"d41d8cd98f00b204e9800998ecf8427e","groups":[]}}