{"options":{"summaryTimeUnit":"","noColor":false,"summaryTrendStats":["avg","min","med","max","p(90)","p(95)"]},"state":{"testRunDurationMs":36297.959329,"isStdOutTTY":false,"isStdErrTTY":false},"metrics":{"http_reqs":{"values":{"count":246,"rate":6.777240499122495},"type":"counter","contains":"default"},"http_req_duration{expected_response:true}":{"type":"trend","contains":"time","values":{"p(90)":1803.4150270000005,"p(95)":2172.355101099999,"avg":931.1063358744767,"min":7.030209,"med":621.225793,"max":24547.476998}},"http_req_failed":{"type":"rate","contains":"default","values":{"rate":0.028455284552845527,"passes":7,"fails":239},"thresholds":{"rate<0.1":{"ok":true}}},"http_req_waiting":{"type":"trend","contains":"time","values":{"max":24547.269088,"p(90)":1831.860791,"p(95)":2262.6585007500003,"avg":937.4175063902443,"min":6.853467,"med":620.8915055}},"http_req_tls_handshaking":{"type":"trend","contains":"time","values":{"avg":1.6012458536585363,"min":0,"med":0,"max":15.699033,"p(90)":12.8100755,"p(95)":13.625475250000001}},"data_received":{"contains":"data","values":{"count":243978,"rate":6721.534888190684},"type":"counter"},"http_req_blocked":{"type":"trend","contains":"time","values":{"med":0.000351,"max":94.890393,"p(90)":19.5031795,"p(95)":20.822562249999997,"avg":2.818898471544718,"min":0.000281}},"http_req_duration":{"type":"trend","contains":"time","values":{"p(90)":1832.0196455,"p(95)":2262.8316047499998,"avg":937.5903430934959,"min":7.030209,"med":621.046996,"max":24547.476998}},"vus_max":{"type":"gauge","contains":"default","values":{"value":30,"min":30,"max":30}},"get_contacts":{"contains":"time","values":{"avg":937.5903430934959,"min":7.030209,"med":621.046996,"max":24547.476998,"p(90)":1832.0196455,"p(95)":2262.8316047499998},"thresholds":{"p(95)<500":{"ok":false}},"type":"trend"},"http_req_receiving":{"type":"trend","contains":"time","values":{"max":0.160468,"p(90)":0.07763500000000001,"p(95)":0.08955425,"avg":0.06012242682926833,"min":0.022203,"med":0.060868}},"iteration_duration":{"type":"trend","contains":"time","values":{"p(95)":3263.5616124999997,"avg":1941.167341577236,"min":1007.309073,"med":1624.5392515,"max":25548.453062,"p(90)":2832.5230565}},"vus":{"type":"gauge","contains":"default","values":{"value":1,"min":1,"max":29}},"http_req_sending":{"type":"trend","contains":"time","values":{"max":0.261497,"p(90)":0.153567,"p(95)":0.16490649999999998,"avg":0.1127142764227642,"min":0.050054,"med":0.11053850000000001}},"data_sent":{"type":"counter","contains":"data","values":{"count":63714,"rate":1755.3052892727262}},"iterations":{"values":{"count":246,"rate":6.777240499122495},"type":"counter","contains":"default"},"content_OK":{"type":"rate","contains":"default","values":{"rate":0.9715447154471545,"passes":239,"fails":7},"thresholds":{"rate>0.95":{"ok":true}}},"http_req_connecting":{"type":"trend","contains":"time","values":{"avg":0.9102790081300811,"min":0,"med":0,"max":25.764642,"p(90)":6.2006375,"p(95)":6.87498075}},"checks":{"type":"rate","contains":"default","values":{"rate":0.7032520325203252,"passes":346,"fails":146}}},"root_group":{"checks":[{"fails":7,"name":"GET - Status 200","path":"::GET - Status 200","id":"a93746391a05c080a667a2961f84e55d","passes":239},{"id":"79b7a8059e1f214cbcb99db5729b283d","passes":107,"fails":139,"name":"GET - Duration < 500ms","path":"::GET - Duration < 500ms"}],"name":"","path":"","id":"d41d8cd98f00b204e9800998ecf8427e","groups":[]}}