{"options":{"summaryTrendStats":["avg","min","med","max","p(90)","p(95)"],"summaryTimeUnit":"","noColor":false},"state":{"isStdErrTTY":false,"testRunDurationMs":46654.348932,"isStdOutTTY":false},"metrics":{"http_req_tls_handshaking":{"contains":"time","values":{"p(90)":0,"p(95)":13.146847,"avg":1.195015934579439,"min":0,"med":0,"max":14.765447},"type":"trend"},"vus_max":{"type":"gauge","contains":"default","values":{"max":30,"value":30,"min":30}},"iteration_duration":{"type":"trend","contains":"time","values":{"p(90)":2168.572748,"p(95)":2518.962719,"avg":1503.089640962617,"min":1006.881844,"med":1235.371974,"max":28977.849533}},"get_contacts":{"type":"trend","contains":"time","values":{"avg":500.4015302741434,"min":6.708155,"med":231.880579,"max":27977.008824,"p(90)":1167.908401,"p(95)":1518.764809},"thresholds":{"p(95)<500":{"ok":false}}},"http_req_duration":{"contains":"time","values":{"avg":500.4015302741434,"min":6.708155,"med":231.880579,"max":27977.008824,"p(90)":1167.908401,"p(95)":1518.764809},"type":"trend"},"http_req_duration{expected_response:true}":{"type":"trend","contains":"time","values":{"min":6.708155,"med":222.120445,"max":2209.675876,"p(90)":1115.9267678,"p(95)":1401.4371569000004,"avg":403.09502867301615}},"data_received":{"values":{"count":279591,"rate":5992.817527204412},"type":"counter","contains":"data"},"http_reqs":{"type":"counter","contains":"default","values":{"count":321,"rate":6.880387516882218}},"http_req_failed":{"type":"rate","contains":"default","values":{"rate":0.018691588785046728,"passes":6,"fails":315},"thresholds":{"rate<0.1":{"ok":true}}},"http_req_blocked":{"type":"trend","contains":"time","values":{"avg":1.912200267912776,"min":0.00025,"med":0.000361,"max":53.316006,"p(90)":0.000971,"p(95)":19.757381}},"http_req_sending":{"values":{"avg":0.09627324922118381,"min":0.044295,"med":0.089071,"max":0.238341,"p(90)":0.143301,"p(95)":0.155068},"type":"trend","contains":"time"},"http_req_connecting":{"type":"trend","contains":"time","values":{"p(90)":0,"p(95)":6.403025,"avg":0.6002709688473522,"min":0,"med":0,"max":8.845257}},"http_req_waiting":{"type":"trend","contains":"time","values":{"med":231.754007,"max":27976.837671,"p(90)":1167.695858,"p(95)":1518.655467,"avg":500.2503921121494,"min":6.601467}},"http_req_receiving":{"type":"trend","contains":"time","values":{"med":0.051506,"max":0.177131,"p(90)":0.079317,"p(95)":0.096226,"avg":0.05486491277258565,"min":0.017436}},"data_sent":{"type":"counter","contains":"data","values":{"count":67224,"rate":1440.8946119466984}},"checks":{"contains":"default","values":{"rate":0.838006230529595,"passes":538,"fails":104},"type":"rate"},"vus":{"type":"gauge","contains":"default","values":{"value":1,"min":1,"max":29}},"iterations":{"type":"counter","contains":"default","values":{"count":321,"rate":6.880387516882218}},"content_OK":{"contains":"default","values":{"fails":6,"rate":0.9813084112149533,"passes":315},"thresholds":{"rate>0.95":{"ok":true}},"type":"rate"}},"root_group":{"groups":[],"checks":[{"name":"GET - Status 200","path":"::GET - Status 200","id":"a93746391a05c080a667a2961f84e55d","passes":315,"fails":6},{"name":"GET - Duration < 500ms","path":"::GET - Duration < 500ms","id":"79b7a8059e1f214cbcb99db5729b283d","passes":223,"fails":98}],"name":"","path":"","id":"d41d8cd98f00b204e9800998ecf8427e"}}