{"options":{"summaryTrendStats":["avg","min","med","max","p(90)","p(95)"],"summaryTimeUnit":"","noColor":false},"state":{"testRunDurationMs":31038.173261,"isStdOutTTY":false,"isStdErrTTY":false},"metrics":{"checks":{"type":"rate","contains":"default","values":{"rate":0.9905437352245863,"passes":838,"fails":8}},"http_req_failed":{"values":{"rate":0,"passes":0,"fails":423},"thresholds":{"rate<0.1":{"ok":true}},"type":"rate","contains":"default"},"http_req_duration":{"type":"trend","contains":"time","values":{"min":2.985478,"med":5.079237,"max":850.320239,"p(90)":246.68163140000001,"p(95)":342.41279000000003,"avg":72.69249515839249}},"http_req_blocked":{"type":"trend","contains":"time","values":{"p(95)":7.377785099999999,"avg":0.7283307565011833,"min":0.00026,"med":0.000331,"max":76.593643,"p(90)":0.0006092000000000001}},"iteration_duration":{"type":"trend","contains":"time","values":{"med":1006.055641,"max":1851.215354,"p(90)":1247.6140966,"p(95)":1343.4054601,"avg":1074.1300237990545,"min":1003.428251}},"http_req_connecting":{"contains":"time","values":{"avg":0.16065059338061466,"min":0,"med":0,"max":2.93335,"p(90)":0,"p(95)":2.0436957000000002},"type":"trend"},"http_req_waiting":{"contains":"time","values":{"min":2.8635,"med":4.942109,"max":850.226626,"p(90)":246.5257188,"p(95)":342.3111843,"avg":72.57792545626468},"type":"trend"},"vus":{"type":"gauge","contains":"default","values":{"max":29,"value":1,"min":1}},"vus_max":{"type":"gauge","contains":"default","values":{"value":30,"min":30,"max":30}},"data_received":{"type":"counter","contains":"data","values":{"count":330276,"rate":10640.961284116469}},"http_req_duration{expected_response:true}":{"type":"trend","contains":"time","values":{"max":850.320239,"p(90)":246.68163140000001,"p(95)":342.41279000000003,"avg":72.69249515839249,"min":2.985478,"med":5.079237}},"data_sent":{"contains":"data","values":{"count":71964,"rate":2318.5642851740895},"type":"counter"},"content_OK":{"contains":"default","values":{"rate":1,"passes":423,"fails":0},"thresholds":{"rate>0.95":{"ok":true}},"type":"rate"},"http_req_sending":{"contains":"time","values":{"med":0.061074,"max":0.39716,"p(90)":0.11476640000000002,"p(95)":0.13823849999999993,"avg":0.07029260992907792,"min":0.030837},"type":"trend"},"http_reqs":{"contains":"default","values":{"rate":13.628379365080315,"count":423},"type":"counter"},"get_contacts":{"type":"trend","contains":"time","values":{"avg":72.69249515839249,"min":2.985478,"med":5.079237,"max":850.320239,"p(90)":246.68163140000001,"p(95)":342.41279000000003},"thresholds":{"p(95)<500":{"ok":true}}},"http_req_receiving":{"type":"trend","contains":"time","values":{"med":0.03788,"max":0.261255,"p(90)":0.07056520000000001,"p(95)":0.08023599999999999,"avg":0.04427709219858156,"min":0.019807}},"iterations":{"type":"counter","contains":"default","values":{"count":423,"rate":13.628379365080315}},"http_req_tls_handshaking":{"type":"trend","contains":"time","values":{"avg":0.3944592884160757,"min":0,"med":0,"max":6.91725,"p(90)":0,"p(95)":5.2279803}}},"root_group":{"path":"","id":"d41d8cd98f00b204e9800998ecf8427e","groups":[],"checks":[{"name":"GET - Status 200","path":"::GET - Status 200","id":"a93746391a05c080a667a2961f84e55d","passes":423,"fails":0},{"name":"GET - Duration < 500ms","path":"::GET - Duration < 500ms","id":"79b7a8059e1f214cbcb99db5729b283d","passes":415,"fails":8}],"name":""}}