{"options":{"summaryTrendStats":["avg","min","med","max","p(90)","p(95)"],"summaryTimeUnit":"","noColor":false},"state":{"isStdOutTTY":false,"isStdErrTTY":false,"testRunDurationMs":31414.606382},"metrics":{"vus":{"type":"gauge","contains":"default","values":{"value":3,"min":1,"max":29}},"get_contacts":{"type":"trend","contains":"time","values":{"min":6.792286,"med":41.649318,"max":1839.263411,"p(90)":534.6990913999997,"p(95)":839.4024458999997,"avg":192.84802491556732},"thresholds":{"p(95)<500":{"ok":false}}},"http_reqs":{"type":"counter","contains":"default","values":{"count":379,"rate":12.064451656384914}},"http_req_duration":{"type":"trend","contains":"time","values":{"max":1839.263411,"p(90)":534.6990913999997,"p(95)":839.4024458999997,"avg":192.84802491556732,"min":6.792286,"med":41.649318}},"iterations":{"type":"counter","contains":"default","values":{"count":379,"rate":12.064451656384914}},"http_req_tls_handshaking":{"type":"trend","contains":"time","values":{"avg":1.024922160949868,"min":0,"med":0,"max":14.686669,"p(90)":0,"p(95)":13.115296999999998}},"http_req_failed":{"type":"rate","contains":"default","values":{"rate":0,"passes":0,"fails":379},"thresholds":{"rate<0.1":{"ok":true}}},"iteration_duration":{"type":"trend","contains":"time","values":{"min":1007.106992,"med":1045.312033,"max":2839.628333,"p(90)":1535.0565529999997,"p(95)":1842.091698899999,"avg":1195.2546503324531}},"content_OK":{"values":{"rate":1,"passes":379,"fails":0},"thresholds":{"rate>0.95":{"ok":true}},"type":"rate","contains":"default"},"http_req_connecting":{"type":"trend","contains":"time","values":{"avg":0.4984740870712403,"min":0,"med":0,"max":7.549981,"p(90)":0,"p(95)":6.311457999999999}},"vus_max":{"type":"gauge","contains":"default","values":{"min":30,"max":30,"value":30}},"http_req_sending":{"contains":"time","values":{"avg":0.12003835620052755,"min":0.034311,"med":0.123946,"max":0.267196,"p(90)":0.16121939999999998,"p(95)":0.17695819999999995},"type":"trend"},"data_sent":{"type":"counter","contains":"data","values":{"count":69902,"rate":2225.143270935668}},"http_req_blocked":{"contains":"time","values":{"min":0.000181,"med":0.000371,"max":54.061471,"p(90)":0.0010219999999999988,"p(95)":19.717474999999997,"avg":1.626622139841689},"type":"trend"},"http_req_waiting":{"type":"trend","contains":"time","values":{"min":6.614539,"med":41.491668,"max":1839.06237,"p(90)":534.5107629999998,"p(95)":839.2001478999998,"avg":192.66511134564666}},"http_req_receiving":{"type":"trend","contains":"time","values":{"avg":0.06287521372031667,"min":0.020521,"med":0.060605,"max":0.245529,"p(90)":0.080211,"p(95)":0.09159349999999998}},"checks":{"type":"rate","contains":"default","values":{"rate":0.9406332453825857,"passes":713,"fails":45}},"http_req_duration{expected_response:true}":{"type":"trend","contains":"time","values":{"min":6.792286,"med":41.649318,"max":1839.263411,"p(90)":534.6990913999997,"p(95)":839.4024458999997,"avg":192.84802491556732}},"data_received":{"type":"counter","contains":"data","values":{"count":309162,"rate":9841.345654330536}}},"root_group":{"name":"","path":"","id":"d41d8cd98f00b204e9800998ecf8427e","groups":[],"checks":[{"name":"GET - Status 200","path":"::GET - Status 200","id":"a93746391a05c080a667a2961f84e55d","passes":379,"fails":0},{"name":"GET - Duration < 500ms","path":"::GET - Duration < 500ms","id":"79b7a8059e1f214cbcb99db5729b283d","passes":334,"fails":45}]}}