{"metrics":{"iterations":{"type":"counter","contains":"default","values":{"count":137,"rate":2.4919033497437226}},"data_sent":{"values":{"count":58750,"rate":1068.6081883025088},"type":"counter","contains":"data"},"iteration_duration":{"type":"trend","contains":"time","values":{"min":1025.562105,"med":2008.928695,"max":25367.314025,"p(90)":10104.722221400001,"p(95)":11109.2742814,"avg":4215.876419087593}},"http_req_duration":{"type":"trend","contains":"time","values":{"avg":3212.9532395912424,"min":25.171205,"med":1008.564938,"max":24366.454382,"p(90)":9096.977703800003,"p(95)":10108.5000362}},"http_req_blocked":{"type":"trend","contains":"time","values":{"p(90)":9.2183268,"p(95)":10.207316599999997,"avg":2.1610489854014605,"min":0.000281,"med":0.000401,"max":38.255378}},"checks":{"type":"rate","contains":"default","values":{"rate":0.6240875912408759,"passes":171,"fails":103}},"vus":{"contains":"default","values":{"value":1,"min":1,"max":29},"type":"gauge"},"http_req_failed":{"thresholds":{"rate<0.1":{"ok":true}},"type":"rate","contains":"default","values":{"rate":0.014598540145985401,"passes":2,"fails":135}},"http_req_connecting":{"type":"trend","contains":"time","values":{"avg":0.6001738029197081,"min":0,"med":0,"max":9.243762,"p(90)":2.6399222,"p(95)":2.8315011999999995}},"content_OK":{"type":"rate","contains":"default","values":{"rate":0.9854014598540146,"passes":135,"fails":2},"thresholds":{"rate>0.95":{"ok":true}}},"get_contacts":{"type":"trend","contains":"time","values":{"p(95)":10108.5000362,"avg":3212.9532395912424,"min":25.171205,"med":1008.564938,"max":24366.454382,"p(90)":9096.977703800003},"thresholds":{"p(95)<500":{"ok":false}}},"vus_max":{"type":"gauge","contains":"default","values":{"value":30,"min":30,"max":30}},"http_req_sending":{"type":"trend","contains":"time","values":{"max":0.209813,"p(90)":0.13675440000000005,"p(95)":0.15109439999999996,"avg":0.07679027007299273,"min":0.039344,"med":0.064471}},"http_req_receiving":{"type":"trend","contains":"time","values":{"med":0.041288,"max":0.10242,"p(90)":0.053347599999999995,"p(95)":0.06470239999999998,"avg":0.041975700729927005,"min":0.023915}},"http_reqs":{"type":"counter","contains":"default","values":{"count":137,"rate":2.4919033497437226}},"http_req_tls_handshaking":{"contains":"time","values":{"min":0,"med":0,"max":7.932991,"p(90)":6.4370676,"p(95)":6.705924599999998,"avg":1.3223181824817518},"type":"trend"},"http_req_waiting":{"type":"trend","contains":"time","values":{"avg":3212.834473620438,"min":25.085495,"med":1008.451617,"max":24366.30786,"p(90)":9096.819544800002,"p(95)":10108.3662018}},"data_received":{"contains":"data","values":{"rate":3512.546945832551,"count":193113},"type":"counter"},"http_req_duration{expected_response:true}":{"type":"trend","contains":"time","values":{"avg":2940.371595437038,"min":25.171205,"med":999.796656,"max":14073.700108,"p(90)":8626.078533200001,"p(95)":10017.8508691}}},"root_group":{"name":"","path":"","id":"d41d8cd98f00b204e9800998ecf8427e","groups":[],"checks":[{"name":"GET - Status 200","path":"::GET - Status 200","id":"a93746391a05c080a667a2961f84e55d","passes":135,"fails":2},{"path":"::GET - Duration < 500ms","id":"79b7a8059e1f214cbcb99db5729b283d","passes":36,"fails":101,"name":"GET - Duration < 500ms"}]},"options":{"summaryTrendStats":["avg","min","med","max","p(90)","p(95)"],"summaryTimeUnit":"","noColor":false},"state":{"isStdOutTTY":false,"isStdErrTTY":false,"testRunDurationMs":54978.055234}}