{"state":{"isStdErrTTY":false,"testRunDurationMs":60000.751109,"isStdOutTTY":false},"metrics":{"http_req_waiting":{"contains":"time","values":{"p(95)":21208.915728599994,"avg":5579.696527051547,"min":49.673375,"med":954.082803,"max":41207.14872,"p(90)":19275.015073600003},"type":"trend"},"http_req_tls_handshaking":{"type":"trend","contains":"time","values":{"med":0,"max":79.326274,"p(90)":5.914923200000001,"p(95)":6.789544199999996,"avg":2.4347840515463917,"min":0}},"http_req_blocked":{"type":"trend","contains":"time","values":{"avg":3.5896352164948477,"min":0.00024,"med":0.00044,"max":82.356175,"p(90)":9.452144600000002,"p(95)":10.342560999999998}},"content_OK":{"type":"rate","contains":"default","values":{"rate":1,"passes":97,"fails":0},"thresholds":{"rate>0.95":{"ok":true}}},"iterations":{"values":{"count":97,"rate":1.616646428705293},"type":"counter","contains":"default"},"http_req_failed":{"type":"rate","contains":"default","values":{"rate":0,"passes":0,"fails":97},"thresholds":{"rate<0.1":{"ok":true}}},"vus":{"type":"gauge","contains":"default","values":{"max":29,"value":3,"min":1}},"http_req_duration":{"type":"trend","contains":"time","values":{"avg":5579.882624567011,"min":49.850155,"med":954.289897,"max":41207.34139,"p(90)":19275.205008200002,"p(95)":21209.078020199995}},"data_received":{"type":"counter","contains":"data","values":{"count":174191,"rate":2903.146990336121}},"checks":{"contains":"default","values":{"rate":0.6443298969072165,"passes":125,"fails":69},"type":"rate"},"http_req_sending":{"values":{"avg":0.12031584536082468,"min":0.062624,"med":0.123265,"max":0.189884,"p(90)":0.153296,"p(95)":0.16178899999999996},"type":"trend","contains":"time"},"http_req_receiving":{"type":"trend","contains":"time","values":{"min":0.030997,"med":0.065308,"max":0.101201,"p(90)":0.078639,"p(95)":0.08587119999999995,"avg":0.06578167010309281}},"get_contacts":{"type":"trend","contains":"time","values":{"min":49.850155,"med":954.289897,"max":41207.34139,"p(90)":19275.205008200002,"p(95)":21209.078020199995,"avg":5579.882624567011},"thresholds":{"p(95)<500":{"ok":false}}},"http_req_connecting":{"contains":"time","values":{"avg":0.7806941237113401,"min":0,"med":0,"max":4.755819,"p(90)":2.751372,"p(95)":3.1451548},"type":"trend"},"vus_max":{"type":"gauge","contains":"default","values":{"value":30,"min":30,"max":30}},"http_req_duration{expected_response:true}":{"contains":"time","values":{"med":954.289897,"max":41207.34139,"p(90)":19275.205008200002,"p(95)":21209.078020199995,"avg":5579.882624567011,"min":49.850155},"type":"trend"},"http_reqs":{"type":"counter","contains":"default","values":{"rate":1.616646428705293,"count":97}},"iteration_duration":{"type":"trend","contains":"time","values":{"min":1051.165703,"med":1955.090668,"max":42215.790955,"p(90)":20279.358633200005,"p(95)":22212.351188399993,"avg":6584.302443206186}},"data_sent":{"type":"counter","contains":"data","values":{"count":57223,"rate":953.7047277299276}}},"root_group":{"name":"","path":"","id":"d41d8cd98f00b204e9800998ecf8427e","groups":[],"checks":[{"path":"::GET - Status 200","id":"a93746391a05c080a667a2961f84e55d","passes":97,"fails":0,"name":"GET - Status 200"},{"name":"GET - Duration < 500ms","path":"::GET - Duration < 500ms","id":"79b7a8059e1f214cbcb99db5729b283d","passes":28,"fails":69}]},"options":{"summaryTrendStats":["avg","min","med","max","p(90)","p(95)"],"summaryTimeUnit":"","noColor":false}}