{"options":{"noColor":false,"summaryTrendStats":["avg","min","med","max","p(90)","p(95)"],"summaryTimeUnit":""},"state":{"isStdOutTTY":false,"isStdErrTTY":false,"testRunDurationMs":31223.723199},"metrics":{"http_req_tls_handshaking":{"type":"trend","contains":"time","values":{"p(90)":0,"p(95)":5.0743361,"avg":0.40986611547911544,"min":0,"med":0,"max":8.086327}},"http_req_sending":{"type":"trend","contains":"time","values":{"max":0.214872,"p(90)":0.1341006,"p(95)":0.14365019999999998,"avg":0.09750505651105659,"min":0.038733,"med":0.099796}},"vus_max":{"type":"gauge","contains":"default","values":{"value":30,"min":30,"max":30}},"http_req_duration":{"type":"trend","contains":"time","values":{"avg":111.71207879115482,"min":2.649923,"med":5.387591,"max":1549.426208,"p(90)":373.0145810000006,"p(95)":600.1332327999997}},"http_req_failed":{"type":"rate","contains":"default","values":{"fails":407,"rate":0,"passes":0},"thresholds":{"rate<0.1":{"ok":true}}},"http_reqs":{"type":"counter","contains":"default","values":{"count":407,"rate":13.034960546057972}},"content_OK":{"type":"rate","contains":"default","values":{"rate":1,"passes":407,"fails":0},"thresholds":{"rate>0.95":{"ok":true}}},"checks":{"type":"rate","contains":"default","values":{"rate":0.9631449631449631,"passes":784,"fails":30}},"iteration_duration":{"values":{"med":1006.564258,"max":2550.604342,"p(90)":1373.9967408000007,"p(95)":1603.5802485,"avg":1113.153234159705,"min":1002.801176},"type":"trend","contains":"time"},"http_req_blocked":{"type":"trend","contains":"time","values":{"avg":0.6615225872235885,"min":0.00027,"med":0.000381,"max":39.879893,"p(90)":0.0007714,"p(95)":7.1928114999999995}},"http_req_waiting":{"values":{"med":5.234555,"max":1549.191971,"p(90)":372.8614100000006,"p(95)":599.9512073999997,"avg":111.55742033660937,"min":2.572379},"type":"trend","contains":"time"},"vus":{"type":"gauge","contains":"default","values":{"value":3,"min":1,"max":29}},"http_req_duration{expected_response:true}":{"contains":"time","values":{"med":5.387591,"max":1549.426208,"p(90)":373.0145810000006,"p(95)":600.1332327999997,"avg":111.71207879115482,"min":2.649923},"type":"trend"},"http_req_connecting":{"type":"trend","contains":"time","values":{"max":3.440834,"p(90)":0,"p(95)":2.0152928,"avg":0.1712881769041769,"min":0,"med":0}},"http_req_receiving":{"values":{"max":0.237011,"p(90)":0.08598000000000001,"p(95)":0.0956303,"avg":0.05715339803439804,"min":0.02142,"med":0.053259},"type":"trend","contains":"time"},"data_sent":{"type":"counter","contains":"data","values":{"count":71292,"rate":2283.263899876081}},"iterations":{"contains":"default","values":{"count":407,"rate":13.034960546057972},"type":"counter"},"data_received":{"contains":"data","values":{"count":321893,"rate":10309.244607007959},"type":"counter"},"get_contacts":{"values":{"avg":111.71207879115482,"min":2.649923,"med":5.387591,"max":1549.426208,"p(90)":373.0145810000006,"p(95)":600.1332327999997},"thresholds":{"p(95)<500":{"ok":false}},"type":"trend","contains":"time"}},"root_group":{"path":"","id":"d41d8cd98f00b204e9800998ecf8427e","groups":[],"checks":[{"passes":407,"fails":0,"name":"GET - Status 200","path":"::GET - Status 200","id":"a93746391a05c080a667a2961f84e55d"},{"name":"GET - Duration < 500ms","path":"::GET - Duration < 500ms","id":"79b7a8059e1f214cbcb99db5729b283d","passes":377,"fails":30}],"name":""}}