{"options":{"summaryTrendStats":["avg","min","med","max","p(90)","p(95)"],"summaryTimeUnit":"","noColor":false},"state":{"isStdOutTTY":false,"isStdErrTTY":false,"testRunDurationMs":31347.102904},"metrics":{"iterations":{"values":{"count":392,"rate":12.505142858033603},"type":"counter","contains":"default"},"http_req_failed":{"type":"rate","contains":"default","values":{"rate":0.002551020408163265,"passes":1,"fails":391},"thresholds":{"rate<0.1":{"ok":true}}},"content_OK":{"type":"rate","contains":"default","values":{"fails":1,"rate":0.9974489795918368,"passes":391},"thresholds":{"rate>0.95":{"ok":true}}},"http_reqs":{"contains":"default","values":{"count":392,"rate":12.505142858033603},"type":"counter"},"data_sent":{"type":"counter","contains":"data","values":{"count":70674,"rate":2254.5624141547623}},"http_req_connecting":{"type":"trend","contains":"time","values":{"min":0,"med":0,"max":6.425377,"p(90)":0,"p(95)":5.718102,"avg":0.44060606122448986}},"vus_max":{"type":"gauge","contains":"default","values":{"value":30,"min":30,"max":30}},"data_received":{"values":{"count":315125,"rate":10052.763120249589},"type":"counter","contains":"data"},"iteration_duration":{"type":"trend","contains":"time","values":{"min":1006.882406,"med":1037.270027,"max":2593.654695,"p(90)":1467.5174423000003,"p(95)":1647.7281521,"avg":1156.961293826531}},"http_req_tls_handshaking":{"type":"trend","contains":"time","values":{"p(95)":12.50217105,"avg":0.9557644158163267,"min":0,"med":0,"max":13.993781,"p(90)":0}},"http_req_blocked":{"type":"trend","contains":"time","values":{"max":53.646864,"p(90)":0.0007301000000000003,"p(95)":18.38478335,"avg":1.4935488137755097,"min":0.00026,"med":0.0003455}},"http_req_duration{expected_response:true}":{"type":"trend","contains":"time","values":{"med":34.114581,"max":1592.64333,"p(90)":457.458127,"p(95)":643.85013,"avg":153.4327717544757,"min":6.528301}},"http_req_duration":{"type":"trend","contains":"time","values":{"avg":154.69763581887756,"min":6.528301,"med":35.1763765,"max":1592.64333,"p(90)":466.5192388000003,"p(95)":646.9578329}},"http_req_waiting":{"type":"trend","contains":"time","values":{"avg":154.54428755612253,"min":6.341956,"med":34.9902395,"max":1592.470576,"p(90)":466.39866740000036,"p(95)":646.8061275499999}},"get_contacts":{"thresholds":{"p(95)<500":{"ok":false}},"type":"trend","contains":"time","values":{"med":35.1763765,"max":1592.64333,"p(90)":466.5192388000003,"p(95)":646.9578329,"avg":154.69763581887756,"min":6.528301}},"http_req_sending":{"type":"trend","contains":"time","values":{"avg":0.09356864795918371,"min":0.038641,"med":0.082764,"max":0.242924,"p(90)":0.13820280000000004,"p(95)":0.15332089999999998}},"http_req_receiving":{"contains":"time","values":{"avg":0.05977961479591837,"min":0.018609,"med":0.053934499999999996,"max":0.282271,"p(90)":0.09168470000000001,"p(95)":0.10766804999999995},"type":"trend"},"checks":{"contains":"default","values":{"rate":0.9566326530612245,"passes":750,"fails":34},"type":"rate"},"vus":{"values":{"value":2,"min":1,"max":29},"type":"gauge","contains":"default"}},"root_group":{"name":"","path":"","id":"d41d8cd98f00b204e9800998ecf8427e","groups":[],"checks":[{"path":"::GET - Status 200","id":"a93746391a05c080a667a2961f84e55d","passes":391,"fails":1,"name":"GET - Status 200"},{"fails":33,"name":"GET - Duration < 500ms","path":"::GET - Duration < 500ms","id":"79b7a8059e1f214cbcb99db5729b283d","passes":359}]}}