{"metrics":{"http_req_connecting":{"type":"trend","contains":"time","values":{"min":0,"med":0,"max":50.548606,"p(90)":44.0060851,"p(95)":48.3658447,"avg":5.437197503968257}},"iteration_duration":{"type":"trend","contains":"time","values":{"avg":1906.2018065833333,"min":1044.97142,"med":1614.878144,"max":17480.585196,"p(90)":2788.1936235000003,"p(95)":3318.8577980999994}},"http_req_tls_handshaking":{"type":"trend","contains":"time","values":{"p(90)":88.2787074,"p(95)":97.55342669999999,"avg":10.909881936507936,"min":0,"med":0,"max":101.570986}},"iterations":{"values":{"count":252,"rate":6.069917824901377},"type":"counter","contains":"default"},"vus_max":{"type":"gauge","contains":"default","values":{"max":30,"value":30,"min":30}},"http_req_sending":{"contains":"time","values":{"p(95)":0.17188604999999996,"avg":0.10404929365079375,"min":0.045469,"med":0.093375,"max":0.239328,"p(90)":0.1527308},"type":"trend"},"data_sent":{"values":{"count":64020,"rate":1542.0481712308974},"type":"counter","contains":"data"},"content_OK":{"type":"rate","contains":"default","values":{"fails":1,"rate":0.996031746031746,"passes":251},"thresholds":{"rate>0.95":{"ok":true}}},"http_req_waiting":{"type":"trend","contains":"time","values":{"p(90)":1753.3950942000001,"p(95)":2317.6693746999995,"avg":888.8012284444442,"min":44.04708,"med":596.6627435,"max":16479.468754}},"get_contacts":{"type":"trend","contains":"time","values":{"max":16479.590276,"p(90)":1753.5599062000001,"p(95)":2317.8224085499996,"avg":888.9601477460321,"min":44.220142,"med":596.848238},"thresholds":{"p(95)<500":{"ok":false}}},"http_req_failed":{"contains":"default","values":{"rate":0.003968253968253968,"passes":1,"fails":251},"thresholds":{"rate<0.1":{"ok":true}},"type":"rate"},"http_req_duration{expected_response:true}":{"type":"trend","contains":"time","values":{"p(95)":2319.3135995000002,"avg":891.3660646454188,"min":44.220142,"med":597.835064,"max":16479.590276,"p(90)":1755.951218}},"http_req_blocked":{"type":"trend","contains":"time","values":{"avg":16.47307151190476,"min":0.00028,"med":0.000351,"max":176.10853,"p(90)":132.42394240000002,"p(95)":146.02261645}},"http_reqs":{"values":{"count":252,"rate":6.069917824901377},"type":"counter","contains":"default"},"data_received":{"type":"counter","contains":"data","values":{"count":248207,"rate":5978.555926846413}},"http_req_duration":{"type":"trend","contains":"time","values":{"avg":888.9601477460321,"min":44.220142,"med":596.848238,"max":16479.590276,"p(90)":1753.5599062000001,"p(95)":2317.8224085499996}},"http_req_receiving":{"type":"trend","contains":"time","values":{"med":0.0551875,"max":0.148988,"p(90)":0.071808,"p(95)":0.07944729999999998,"avg":0.054870007936507946,"min":0.023265}},"checks":{"type":"rate","contains":"default","values":{"rate":0.7103174603174603,"passes":358,"fails":146}},"vus":{"contains":"default","values":{"value":1,"min":1,"max":29},"type":"gauge"}},"root_group":{"name":"","path":"","id":"d41d8cd98f00b204e9800998ecf8427e","groups":[],"checks":[{"name":"GET - Status 200","path":"::GET - Status 200","id":"a93746391a05c080a667a2961f84e55d","passes":251,"fails":1},{"name":"GET - Duration < 500ms","path":"::GET - Duration < 500ms","id":"79b7a8059e1f214cbcb99db5729b283d","passes":107,"fails":145}]},"options":{"summaryTrendStats":["avg","min","med","max","p(90)","p(95)"],"summaryTimeUnit":"","noColor":false},"state":{"isStdOutTTY":false,"isStdErrTTY":false,"testRunDurationMs":41516.212784}}